1020-1-VC-1-0-28.png,28.0,40.192783
1020-1-VP-1-0-28.png,28.0,40.192783
1076-1-VC-1-0-20.png,20.0,40.192783
1076-1-VP-1-0-20.png,20.0,40.192783
1077-1-VC-1-0-20.png,20.0,40.192783
1077-1-VP-1-0-20.png,20.0,40.192783
109-1-VC-1-0-20.png,20.0,40.192783
109-1-VP-1-0-20.png,20.0,40.192783
1120-1-VC-1-0-51.png,51.0,40.192783
1120-1-VP-1-0-51.png,51.0,40.192783
1198-1-VC-1-0-20.png,20.0,40.192783
1198-1-VP-1-0-20.png,20.0,40.192783
120-1-VC-1-0-45.png,45.0,40.192783
120-1-VP-1-0-45.png,45.0,40.192783
1200-1-VC-1-0-26.png,26.0,40.192783
1200-1-VP-1-0-26.png,26.0,40.192783
1201-1-VC-1-0-42.png,42.0,40.192783
1201-1-VP-1-0-42.png,42.0,40.192783
1202-1-VC-1-0-57.png,57.0,40.192783
1202-1-VP-1-0-57.png,57.0,40.192783
1203-1-VC-1-0-55.png,55.0,40.192783
1203-1-VP-1-0-55.png,55.0,40.192783
1204-1-VC-1-0-12.png,12.0,40.192783
1204-1-VP-1-0-12.png,12.0,40.192783
1205-1-VC-1-0-85.png,85.0,40.192783
1205-1-VP-1-0-85.png,85.0,40.192783
1206-1-VC-1-0-25.png,25.0,40.192783
1206-1-VP-1-0-25.png,25.0,40.192783
1207-1-VC-1-0-36.png,36.0,40.192783
1207-1-VP-1-0-36.png,36.0,40.192783
1208-1-VC-1-0-27.png,27.0,40.192783
1208-1-VP-1-0-27.png,27.0,40.192783
1209-1-VC-1-0-78.png,78.0,40.192783
1209-1-VP-1-0-78.png,78.0,40.192783
1220-1-VC-1-0-29.png,29.0,40.192783
1220-1-VP-1-0-29.png,29.0,40.192783
1320-1-VC-1-0-12.png,12.0,40.192783
1320-1-VP-1-0-12.png,12.0,40.192783
1410-1-VC-1-0-20.png,20.0,40.192783
1410-1-VP-1-0-20.png,20.0,40.192783
142-1-VC-1-0-20.png,20.0,40.192783
142-1-VP-1-0-20.png,20.0,40.192783
1420-1-VC-1-0-85.png,85.0,40.192783
1420-1-VP-1-0-85.png,85.0,40.192783
1421-1-VC-1-0-20.png,20.0,40.192783
1421-1-VP-1-0-20.png,20.0,40.192783
1520-1-VC-1-0-75.png,75.0,40.192783
1520-1-VP-1-0-75.png,75.0,40.192783
1530-1-VC-1-0-20.png,20.0,40.192783
1530-1-VP-1-0-20.png,20.0,40.192783
1536-1-VC-1-0-20.png,20.0,40.192783
1536-1-VP-1-0-20.png,20.0,40.192783
1597-1-VC-1-0-20.png,20.0,40.192783
1597-1-VP-1-0-20.png,20.0,40.192783
1608-1-VC-1-0-20.png,20.0,40.192783
1608-1-VP-1-0-20.png,20.0,40.192783
1620-1-VC-1-0-35.png,35.0,40.192783
1620-1-VP-1-0-35.png,35.0,40.192783
1720-1-VC-1-0-62.png,62.0,40.192783
1720-1-VP-1-0-62.png,62.0,40.192783
1820-1-VC-1-0-27.png,27.0,40.192783
1820-1-VP-1-0-27.png,27.0,40.192783
1853-1-VC-1-0-20.png,20.0,40.192783
1853-1-VP-1-0-20.png,20.0,40.192783
1869-1-VC-1-0-20.png,20.0,40.192783
1869-1-VP-1-0-20.png,20.0,40.192783
1920-1-VC-1-0-75.png,75.0,40.192783
1920-1-VP-1-0-75.png,75.0,40.192783
20-1-VC-1-0-83.png,83.0,40.192783
20-1-VP-1-0-83.png,83.0,40.192783
200-1-VC-1-0-1.png,1.0,40.192783
200-1-VP-1-0-1.png,1.0,40.192783
2000-1-VC-1-0-0.png,0.0,40.192783
2000-1-VP-1-0-0.png,0.0,40.192783
2001-1-VC-1-0-42.png,42.0,40.192783
2001-1-VP-1-0-42.png,42.0,40.192783
2002-1-VC-1-0-48.png,48.0,40.192783
2002-1-VP-1-0-48.png,48.0,40.192783
2003-1-VC-1-0-47.png,47.0,40.192783
2003-1-VP-1-0-47.png,47.0,40.192783
2004-1-VC-1-0-85.png,85.0,40.192783
2004-1-VP-1-0-85.png,85.0,40.192783
2005-1-VC-1-0-89.png,89.0,40.192783
2005-1-VP-1-0-89.png,89.0,40.192783
2006-1-VC-1-0-12.png,12.0,40.192783
2006-1-VP-1-0-12.png,12.0,40.192783
2007-1-VC-1-0-72.png,72.0,40.192783
2007-1-VP-1-0-72.png,72.0,40.192783
2008-1-VC-1-0-67.png,67.0,40.192783
2008-1-VP-1-0-67.png,67.0,40.192783
2009-1-VC-1-0-24.png,24.0,40.192783
2009-1-VP-1-0-24.png,24.0,40.192783
201-1-VC-1-0-33.png,33.0,40.192783
201-1-VP-1-0-33.png,33.0,40.192783
2010-1-VC-1-0-84.png,84.0,40.192783
2010-1-VP-1-0-84.png,84.0,40.192783
2011-1-VC-1-0-58.png,58.0,40.192783
2011-1-VP-1-0-58.png,58.0,40.192783
2012-1-VC-1-0-35.png,35.0,40.192783
2012-1-VP-1-0-35.png,35.0,40.192783
2013-1-VC-1-0-70.png,70.0,40.192783
2013-1-VP-1-0-70.png,70.0,40.192783
2014-1-VC-1-0-75.png,75.0,40.192783
2014-1-VP-1-0-75.png,75.0,40.192783
2015-1-VC-1-0-83.png,83.0,40.192783
2015-1-VP-1-0-83.png,83.0,40.192783
2016-1-VC-1-0-75.png,75.0,40.192783
2016-1-VP-1-0-75.png,75.0,40.192783
2017-1-VC-1-0-36.png,36.0,40.192783
2017-1-VP-1-0-36.png,36.0,40.192783
2018-1-VC-1-0-57.png,57.0,40.192783
2018-1-VP-1-0-57.png,57.0,40.192783
2019-1-VC-1-0-70.png,70.0,40.192783
2019-1-VP-1-0-70.png,70.0,40.192783
202-1-VC-1-0-46.png,46.0,40.192783
202-1-VP-1-0-46.png,46.0,40.192783
2020-1-VC-1-0-66.png,66.0,40.192783
2020-1-VP-1-0-66.png,66.0,40.192783
2021-1-VC-1-0-9.png,9.0,40.192783
2021-1-VP-1-0-9.png,9.0,40.192783
2022-1-VC-1-0-52.png,52.0,40.192783
2022-1-VP-1-0-52.png,52.0,40.192783
2023-1-VC-1-0-49.png,49.0,40.192783
2023-1-VP-1-0-49.png,49.0,40.192783
2024-1-VC-1-0-40.png,40.0,40.192783
2024-1-VP-1-0-40.png,40.0,40.192783
2025-1-VC-1-0-0.png,0.0,40.192783
2025-1-VP-1-0-0.png,0.0,40.192783
2026-1-VC-1-0-47.png,47.0,40.192783
2026-1-VP-1-0-47.png,47.0,40.192783
2027-1-VC-1-0-69.png,69.0,40.192783
2027-1-VP-1-0-69.png,69.0,40.192783
2028-1-VC-1-0-4.png,4.0,40.192783
2028-1-VP-1-0-4.png,4.0,40.192783
2029-1-VC-1-0-68.png,68.0,40.192783
2029-1-VP-1-0-68.png,68.0,40.192783
203-1-VC-1-0-68.png,68.0,40.192783
203-1-VP-1-0-68.png,68.0,40.192783
2030-1-VC-1-0-82.png,82.0,40.192783
2030-1-VP-1-0-82.png,82.0,40.192783
2031-1-VC-1-0-54.png,54.0,40.192783
2031-1-VP-1-0-54.png,54.0,40.192783
2032-1-VC-1-0-86.png,86.0,40.192783
2032-1-VP-1-0-86.png,86.0,40.192783
2033-1-VC-1-0-8.png,8.0,40.192783
2033-1-VP-1-0-8.png,8.0,40.192783
2034-1-VC-1-0-42.png,42.0,40.192783
2034-1-VP-1-0-42.png,42.0,40.192783
2035-1-VC-1-0-52.png,52.0,40.192783
2035-1-VP-1-0-52.png,52.0,40.192783
2036-1-VC-1-0-42.png,42.0,40.192783
2036-1-VP-1-0-42.png,42.0,40.192783
2037-1-VC-1-0-12.png,12.0,40.192783
2037-1-VP-1-0-12.png,12.0,40.192783
2038-1-VC-1-0-13.png,13.0,40.192783
2038-1-VP-1-0-13.png,13.0,40.192783
2039-1-VC-1-0-9.png,9.0,40.192783
2039-1-VP-1-0-9.png,9.0,40.192783
204-1-VC-1-0-26.png,26.0,40.192783
204-1-VP-1-0-26.png,26.0,40.192783
2040-1-VC-1-0-21.png,21.0,40.192783
2040-1-VP-1-0-21.png,21.0,40.192783
2041-1-VC-1-0-11.png,11.0,40.192783
2041-1-VP-1-0-11.png,11.0,40.192783
2042-1-VC-1-0-60.png,60.0,40.192783
2042-1-VP-1-0-60.png,60.0,40.192783
2043-1-VC-1-0-11.png,11.0,40.192783
2043-1-VP-1-0-11.png,11.0,40.192783
2044-1-VC-1-0-43.png,43.0,40.192783
2044-1-VP-1-0-43.png,43.0,40.192783
2045-1-VC-1-0-77.png,77.0,40.192783
2045-1-VP-1-0-77.png,77.0,40.192783
2046-1-VC-1-0-20.png,20.0,40.192783
2046-1-VP-1-0-20.png,20.0,40.192783
2047-1-VC-1-0-44.png,44.0,40.192783
2047-1-VP-1-0-44.png,44.0,40.192783
2048-1-VC-1-0-79.png,79.0,40.192783
2048-1-VP-1-0-79.png,79.0,40.192783
2049-1-VC-1-0-64.png,64.0,40.192783
2049-1-VP-1-0-64.png,64.0,40.192783
205-1-VC-1-0-19.png,19.0,40.192783
205-1-VP-1-0-19.png,19.0,40.192783
2050-1-VC-1-0-76.png,76.0,40.192783
2050-1-VP-1-0-76.png,76.0,40.192783
2051-1-VC-1-0-42.png,42.0,40.192783
2051-1-VP-1-0-42.png,42.0,40.192783
2052-1-VC-1-0-35.png,35.0,40.192783
2052-1-VP-1-0-35.png,35.0,40.192783
2053-1-VC-1-0-50.png,50.0,40.192783
2053-1-VP-1-0-50.png,50.0,40.192783
2054-1-VC-1-0-42.png,42.0,40.192783
2054-1-VP-1-0-42.png,42.0,40.192783
2055-1-VC-1-0-41.png,41.0,40.192783
2055-1-VP-1-0-41.png,41.0,40.192783
2056-1-VC-1-0-61.png,61.0,40.192783
2056-1-VP-1-0-61.png,61.0,40.192783
2057-1-VC-1-0-8.png,8.0,40.192783
2057-1-VP-1-0-8.png,8.0,40.192783
2058-1-VC-1-0-69.png,69.0,40.192783
2058-1-VP-1-0-69.png,69.0,40.192783
2059-1-VC-1-0-18.png,18.0,40.192783
2059-1-VP-1-0-18.png,18.0,40.192783
206-1-VC-1-0-22.png,22.0,40.192783
206-1-VP-1-0-22.png,22.0,40.192783
2060-1-VC-1-0-41.png,41.0,40.192783
2060-1-VP-1-0-41.png,41.0,40.192783
2061-1-VC-1-0-63.png,63.0,40.192783
2061-1-VP-1-0-63.png,63.0,40.192783
2062-1-VC-1-0-41.png,41.0,40.192783
2062-1-VP-1-0-41.png,41.0,40.192783
2063-1-VC-1-0-25.png,25.0,40.192783
2063-1-VP-1-0-25.png,25.0,40.192783
2064-1-VC-1-0-59.png,59.0,40.192783
2064-1-VP-1-0-59.png,59.0,40.192783
2065-1-VC-1-0-60.png,60.0,40.192783
2065-1-VP-1-0-60.png,60.0,40.192783
2066-1-VC-1-0-26.png,26.0,40.192783
2066-1-VP-1-0-26.png,26.0,40.192783
2067-1-VC-1-0-5.png,5.0,40.192783
2067-1-VP-1-0-5.png,5.0,40.192783
2068-1-VC-1-0-75.png,75.0,40.192783
2068-1-VP-1-0-75.png,75.0,40.192783
2069-1-VC-1-0-43.png,43.0,40.192783
2069-1-VP-1-0-43.png,43.0,40.192783
207-1-VC-1-0-4.png,4.0,40.192783
207-1-VP-1-0-4.png,4.0,40.192783
2070-1-VC-1-0-24.png,24.0,40.192783
2070-1-VP-1-0-24.png,24.0,40.192783
2071-1-VC-1-0-5.png,5.0,40.192783
2071-1-VP-1-0-5.png,5.0,40.192783
2072-1-VC-1-0-37.png,37.0,40.192783
2072-1-VP-1-0-37.png,37.0,40.192783
2073-1-VC-1-0-74.png,74.0,40.192783
2073-1-VP-1-0-74.png,74.0,40.192783
2074-1-VC-1-0-51.png,51.0,40.192783
2074-1-VP-1-0-51.png,51.0,40.192783
2075-1-VC-1-0-71.png,71.0,40.192783
2075-1-VP-1-0-71.png,71.0,40.192783
2076-1-VC-1-0-25.png,25.0,40.192783
2076-1-VP-1-0-25.png,25.0,40.192783
2077-1-VC-1-0-3.png,3.0,40.192783
2077-1-VP-1-0-3.png,3.0,40.192783
2078-1-VC-1-0-79.png,79.0,40.192783
2078-1-VP-1-0-79.png,79.0,40.192783
2079-1-VC-1-0-57.png,57.0,40.192783
2079-1-VP-1-0-57.png,57.0,40.192783
208-1-VC-1-0-23.png,23.0,40.192783
208-1-VP-1-0-23.png,23.0,40.192783
2080-1-VC-1-0-40.png,40.0,40.192783
2080-1-VP-1-0-40.png,40.0,40.192783
2081-1-VC-1-0-20.png,20.0,40.192783
2081-1-VP-1-0-20.png,20.0,40.192783
2082-1-VC-1-0-53.png,53.0,40.192783
2082-1-VP-1-0-53.png,53.0,40.192783
2083-1-VC-1-0-25.png,25.0,40.192783
2083-1-VP-1-0-25.png,25.0,40.192783
2084-1-VC-1-0-82.png,82.0,40.192783
2084-1-VP-1-0-82.png,82.0,40.192783
2085-1-VC-1-0-61.png,61.0,40.192783
2085-1-VP-1-0-61.png,61.0,40.192783
2086-1-VC-1-0-66.png,66.0,40.192783
2086-1-VP-1-0-66.png,66.0,40.192783
2087-1-VC-1-0-68.png,68.0,40.192783
2087-1-VP-1-0-68.png,68.0,40.192783
2088-1-VC-1-0-77.png,77.0,40.192783
2088-1-VP-1-0-77.png,77.0,40.192783
2089-1-VC-1-0-34.png,34.0,40.192783
2089-1-VP-1-0-34.png,34.0,40.192783
209-1-VC-1-0-87.png,87.0,40.192783
209-1-VP-1-0-87.png,87.0,40.192783
2090-1-VC-1-0-1.png,1.0,40.192783
2090-1-VP-1-0-1.png,1.0,40.192783
2091-1-VC-1-0-79.png,79.0,40.192783
2091-1-VP-1-0-79.png,79.0,40.192783
2092-1-VC-1-0-24.png,24.0,40.192783
2092-1-VP-1-0-24.png,24.0,40.192783
2093-1-VC-1-0-11.png,11.0,40.192783
2093-1-VP-1-0-11.png,11.0,40.192783
2094-1-VC-1-0-84.png,84.0,40.192783
2094-1-VP-1-0-84.png,84.0,40.192783
2095-1-VC-1-0-48.png,48.0,40.192783
2095-1-VP-1-0-48.png,48.0,40.192783
2096-1-VC-1-0-45.png,45.0,40.192783
2096-1-VP-1-0-45.png,45.0,40.192783
2097-1-VC-1-0-24.png,24.0,40.192783
2097-1-VP-1-0-24.png,24.0,40.192783
2098-1-VC-1-0-64.png,64.0,40.192783
2098-1-VP-1-0-64.png,64.0,40.192783
2099-1-VC-1-0-87.png,87.0,40.192783
2099-1-VP-1-0-87.png,87.0,40.192783
2120-1-VC-1-0-66.png,66.0,40.192783
2120-1-VP-1-0-66.png,66.0,40.192783
2178-1-VC-1-0-20.png,20.0,40.192783
2178-1-VP-1-0-20.png,20.0,40.192783
220-1-VC-1-0-80.png,80.0,40.192783
220-1-VP-1-0-80.png,80.0,40.192783
2200-1-VC-1-0-54.png,54.0,40.192783
2200-1-VP-1-0-54.png,54.0,40.192783
2201-1-VC-1-0-70.png,70.0,40.192783
2201-1-VP-1-0-70.png,70.0,40.192783
2202-1-VC-1-0-75.png,75.0,40.192783
2202-1-VP-1-0-75.png,75.0,40.192783
2203-1-VC-1-0-86.png,86.0,40.192783
2203-1-VP-1-0-86.png,86.0,40.192783
2204-1-VC-1-0-38.png,38.0,40.192783
2204-1-VP-1-0-38.png,38.0,40.192783
2205-1-VC-1-0-51.png,51.0,40.192783
2205-1-VP-1-0-51.png,51.0,40.192783
2206-1-VC-1-0-28.png,28.0,40.192783
2206-1-VP-1-0-28.png,28.0,40.192783
2207-1-VC-1-0-28.png,28.0,40.192783
2207-1-VP-1-0-28.png,28.0,40.192783
2208-1-VC-1-0-2.png,2.0,40.192783
2208-1-VP-1-0-2.png,2.0,40.192783
2209-1-VC-1-0-17.png,17.0,40.192783
2209-1-VP-1-0-17.png,17.0,40.192783
2220-1-VC-1-0-24.png,24.0,40.192783
2220-1-VP-1-0-24.png,24.0,40.192783
2262-1-VC-1-0-20.png,20.0,40.192783
2262-1-VP-1-0-20.png,20.0,40.192783
2320-1-VC-1-0-56.png,56.0,40.192783
2320-1-VP-1-0-56.png,56.0,40.192783
2382-1-VC-1-0-20.png,20.0,40.192783
2382-1-VP-1-0-20.png,20.0,40.192783
2420-1-VC-1-0-16.png,16.0,40.192783
2420-1-VP-1-0-16.png,16.0,40.192783
243-1-VC-1-0-20.png,20.0,40.192783
243-1-VP-1-0-20.png,20.0,40.192783
2480-1-VC-1-0-20.png,20.0,40.192783
2480-1-VP-1-0-20.png,20.0,40.192783
2520-1-VC-1-0-37.png,37.0,40.192783
2520-1-VP-1-0-37.png,37.0,40.192783
2522-1-VC-1-0-20.png,20.0,40.192783
2522-1-VP-1-0-20.png,20.0,40.192783
2528-1-VC-1-0-20.png,20.0,40.192783
2528-1-VP-1-0-20.png,20.0,40.192783
2560-1-VC-1-0-20.png,20.0,40.192783
2560-1-VP-1-0-20.png,20.0,40.192783
2620-1-VC-1-0-66.png,66.0,40.192783
2620-1-VP-1-0-66.png,66.0,40.192783
2693-1-VC-1-0-20.png,20.0,40.192783
2693-1-VP-1-0-20.png,20.0,40.192783
2720-1-VC-1-0-7.png,7.0,40.192783
2720-1-VP-1-0-7.png,7.0,40.192783
2820-1-VC-1-0-58.png,58.0,40.192783
2820-1-VP-1-0-58.png,58.0,40.192783
2849-1-VC-1-0-20.png,20.0,40.192783
2849-1-VP-1-0-20.png,20.0,40.192783
2920-1-VC-1-0-66.png,66.0,40.192783
2920-1-VP-1-0-66.png,66.0,40.192783
2948-1-VC-1-0-20.png,20.0,40.192783
2948-1-VP-1-0-20.png,20.0,40.192783
2973-1-VC-1-0-20.png,20.0,40.192783
2973-1-VP-1-0-20.png,20.0,40.192783
2996-1-VC-1-0-20.png,20.0,40.192783
2996-1-VP-1-0-20.png,20.0,40.192783
3020-1-VC-1-0-39.png,39.0,40.192783
3020-1-VP-1-0-39.png,39.0,40.192783
3043-1-VC-1-0-20.png,20.0,40.192783
3043-1-VP-1-0-20.png,20.0,40.192783
3059-1-VC-1-0-20.png,20.0,40.192783
3059-1-VP-1-0-20.png,20.0,40.192783
3120-1-VC-1-0-41.png,41.0,40.192783
3120-1-VP-1-0-41.png,41.0,40.192783
320-1-VC-1-0-36.png,36.0,40.192783
320-1-VP-1-0-36.png,36.0,40.192783
3200-1-VC-1-0-11.png,11.0,40.192783
3200-1-VP-1-0-11.png,11.0,40.192783
3201-1-VC-1-0-76.png,76.0,40.192783
3201-1-VP-1-0-76.png,76.0,40.192783
3202-1-VC-1-0-24.png,24.0,40.192783
3202-1-VP-1-0-24.png,24.0,40.192783
3203-1-VC-1-0-47.png,47.0,40.192783
3203-1-VP-1-0-47.png,47.0,40.192783
3204-1-VC-1-0-17.png,17.0,40.192783
3204-1-VP-1-0-17.png,17.0,40.192783
3205-1-VC-1-0-46.png,46.0,40.192783
3205-1-VP-1-0-46.png,46.0,40.192783
3206-1-VC-1-0-61.png,61.0,40.192783
3206-1-VP-1-0-61.png,61.0,40.192783
3207-1-VC-1-0-58.png,58.0,40.192783
3207-1-VP-1-0-58.png,58.0,40.192783
3208-1-VC-1-0-12.png,12.0,40.192783
3208-1-VP-1-0-12.png,12.0,40.192783
3209-1-VC-1-0-23.png,23.0,40.192783
3209-1-VP-1-0-23.png,23.0,40.192783
3220-1-VC-1-0-40.png,40.0,40.192783
3220-1-VP-1-0-40.png,40.0,40.192783
3274-1-VC-1-0-20.png,20.0,40.192783
3274-1-VP-1-0-20.png,20.0,40.192783
3296-1-VC-1-0-20.png,20.0,40.192783
3296-1-VP-1-0-20.png,20.0,40.192783
3320-1-VC-1-0-20.png,20.0,40.192783
3320-1-VP-1-0-20.png,20.0,40.192783
3400-1-VC-1-0-20.png,20.0,40.192783
3400-1-VP-1-0-20.png,20.0,40.192783
3420-1-VC-1-0-67.png,67.0,40.192783
3420-1-VP-1-0-67.png,67.0,40.192783
3501-1-VC-1-0-20.png,20.0,40.192783
3501-1-VP-1-0-20.png,20.0,40.192783
3520-1-VC-1-0-7.png,7.0,40.192783
3520-1-VP-1-0-7.png,7.0,40.192783
3620-1-VC-1-0-44.png,44.0,40.192783
3620-1-VP-1-0-44.png,44.0,40.192783
3689-1-VC-1-0-20.png,20.0,40.192783
3689-1-VP-1-0-20.png,20.0,40.192783
3720-1-VC-1-0-33.png,33.0,40.192783
3720-1-VP-1-0-33.png,33.0,40.192783
381-1-VC-1-0-20.png,20.0,40.192783
381-1-VP-1-0-20.png,20.0,40.192783
3820-1-VC-1-0-73.png,73.0,40.192783
3820-1-VP-1-0-73.png,73.0,40.192783
3877-1-VC-1-0-20.png,20.0,40.192783
3877-1-VP-1-0-20.png,20.0,40.192783
3920-1-VC-1-0-6.png,6.0,40.192783
3920-1-VP-1-0-6.png,6.0,40.192783
4020-1-VC-1-0-76.png,76.0,40.192783
4020-1-VP-1-0-76.png,76.0,40.192783
4029-1-VC-1-0-20.png,20.0,40.192783
4029-1-VP-1-0-20.png,20.0,40.192783
406-1-VC-1-0-20.png,20.0,40.192783
406-1-VP-1-0-20.png,20.0,40.192783
4075-1-VC-1-0-20.png,20.0,40.192783
4075-1-VP-1-0-20.png,20.0,40.192783
4091-1-VC-1-0-20.png,20.0,40.192783
4091-1-VP-1-0-20.png,20.0,40.192783
411-1-VC-1-0-20.png,20.0,40.192783
411-1-VP-1-0-20.png,20.0,40.192783
4120-1-VC-1-0-87.png,87.0,40.192783
4120-1-VP-1-0-87.png,87.0,40.192783
420-1-VC-1-0-49.png,49.0,40.192783
420-1-VP-1-0-49.png,49.0,40.192783
4200-1-VC-1-0-0.png,0.0,40.192783
4200-1-VP-1-0-0.png,0.0,40.192783
4201-1-VC-1-0-29.png,29.0,40.192783
4201-1-VP-1-0-29.png,29.0,40.192783
4202-1-VC-1-0-82.png,82.0,40.192783
4202-1-VP-1-0-82.png,82.0,40.192783
4203-1-VC-1-0-67.png,67.0,40.192783
4203-1-VP-1-0-67.png,67.0,40.192783
4204-1-VC-1-0-6.png,6.0,40.192783
4204-1-VP-1-0-6.png,6.0,40.192783
4205-1-VC-1-0-43.png,43.0,40.192783
4205-1-VP-1-0-43.png,43.0,40.192783
4206-1-VC-1-0-7.png,7.0,40.192783
4206-1-VP-1-0-7.png,7.0,40.192783
4207-1-VC-1-0-74.png,74.0,40.192783
4207-1-VP-1-0-74.png,74.0,40.192783
4208-1-VC-1-0-64.png,64.0,40.192783
4208-1-VP-1-0-64.png,64.0,40.192783
4209-1-VC-1-0-74.png,74.0,40.192783
4209-1-VP-1-0-74.png,74.0,40.192783
4220-1-VC-1-0-34.png,34.0,40.192783
4220-1-VP-1-0-34.png,34.0,40.192783
4320-1-VC-1-0-35.png,35.0,40.192783
4320-1-VP-1-0-35.png,35.0,40.192783
4322-1-VC-1-0-20.png,20.0,40.192783
4322-1-VP-1-0-20.png,20.0,40.192783
4328-1-VC-1-0-20.png,20.0,40.192783
4328-1-VP-1-0-20.png,20.0,40.192783
4420-1-VC-1-0-49.png,49.0,40.192783
4420-1-VP-1-0-49.png,49.0,40.192783
4485-1-VC-1-0-20.png,20.0,40.192783
4485-1-VP-1-0-20.png,20.0,40.192783
4520-1-VC-1-0-46.png,46.0,40.192783
4520-1-VP-1-0-46.png,46.0,40.192783
4620-1-VC-1-0-83.png,83.0,40.192783
4620-1-VP-1-0-83.png,83.0,40.192783
471-1-VC-1-0-20.png,20.0,40.192783
471-1-VP-1-0-20.png,20.0,40.192783
4720-1-VC-1-0-50.png,50.0,40.192783
4720-1-VP-1-0-50.png,50.0,40.192783
4817-1-VC-1-0-20.png,20.0,40.192783
4817-1-VP-1-0-20.png,20.0,40.192783
4820-1-VC-1-0-58.png,58.0,40.192783
4820-1-VP-1-0-58.png,58.0,40.192783
4901-1-VC-1-0-20.png,20.0,40.192783
4901-1-VP-1-0-20.png,20.0,40.192783
4920-1-VC-1-0-89.png,89.0,40.192783
4920-1-VP-1-0-89.png,89.0,40.192783
503-1-VC-1-0-20.png,20.0,40.192783
503-1-VP-1-0-20.png,20.0,40.192783
520-1-VC-1-0-57.png,57.0,40.192783
520-1-VP-1-0-57.png,57.0,40.192783
533-1-VC-1-0-20.png,20.0,40.192783
533-1-VP-1-0-20.png,20.0,40.192783
557-1-VC-1-0-20.png,20.0,40.192783
557-1-VP-1-0-20.png,20.0,40.192783
620-1-VC-1-0-78.png,78.0,40.192783
620-1-VP-1-0-78.png,78.0,40.192783
720-1-VC-1-0-36.png,36.0,40.192783
720-1-VP-1-0-36.png,36.0,40.192783
795-1-VC-1-0-20.png,20.0,40.192783
795-1-VP-1-0-20.png,20.0,40.192783
820-1-VC-1-0-37.png,37.0,40.192783
820-1-VP-1-0-37.png,37.0,40.192783
920-1-VC-1-0-53.png,53.0,40.192783
920-1-VP-1-0-53.png,53.0,40.192783
926-1-VC-1-0-20.png,20.0,40.192783
926-1-VP-1-0-20.png,20.0,40.192783
986-1-VC-1-0-20.png,20.0,40.192783
986-1-VP-1-0-20.png,20.0,40.192783
